bootstrap_id,BottomKAcc,PairwiseOrderAcc,Top1Acc,RuleReproRateWeek
0,0.9211538461538461,0.9871535427295245,0.920704845814978,0.9115384615384615
1,0.9403846153846154,0.9901984139130666,0.9429824561403509,0.9307692307692308
2,0.9288461538461539,0.9874847386892025,0.9247787610619469,0.9230769230769231
3,0.9461538461538461,0.9910958498716355,0.9385964912280702,0.9461538461538461
4,0.9615384615384616,0.9942521374959212,0.9596412556053812,0.9576923076923077
5,0.9403846153846154,0.9896076156542851,0.9358974358974359,0.9384615384615385
6,0.9346153846153846,0.9893099972834953,0.927038626609442,0.9346153846153846
7,0.948076923076923,0.9913979087884609,0.9411764705882353,0.9461538461538461
8,0.9423076923076923,0.9907387073223407,0.9383259911894273,0.9384615384615385
9,0.9403846153846154,0.9916038141800807,0.9324324324324325,0.9384615384615385
10,0.9557692307692308,0.9926952219926394,0.9533898305084746,0.9538461538461539
11,0.9423076923076923,0.9925974043516013,0.9399141630901288,0.9384615384615385
12,0.9346153846153846,0.9900854711349194,0.9330357142857143,0.926923076923077
13,0.9134615384615384,0.9863290901367481,0.9054054054054054,0.9076923076923077
14,0.9423076923076923,0.990831669477316,0.9432314410480349,0.9346153846153846
15,0.9423076923076923,0.9926660851790354,0.9406392694063926,0.9346153846153846
16,0.9403846153846154,0.9914117842912674,0.9347826086956522,0.9384615384615385
17,0.9288461538461539,0.9875731222904646,0.9192825112107623,0.926923076923077
18,0.9615384615384616,0.9930082426621364,0.9565217391304348,0.9615384615384616
19,0.9461538461538461,0.9924067609585249,0.9391304347826087,0.9461538461538461
20,0.9673076923076923,0.9953693536611704,0.9656652360515021,0.9653846153846154
21,0.9192307692307692,0.9888093877297182,0.9094827586206896,0.9192307692307692
22,0.95,0.9923072773676652,0.9434782608695652,0.95
23,0.9326923076923077,0.9904606521129609,0.9315068493150684,0.9230769230769231
24,0.9615384615384616,0.9936965820881036,0.9617021276595744,0.9576923076923077
25,0.95,0.9914513273881032,0.9537815126050421,0.9423076923076923
26,0.9384615384615385,0.9891239331318782,0.9439655172413793,0.926923076923077
27,0.926923076923077,0.9874403389600607,0.9279661016949152,0.9192307692307692
28,0.9365384615384615,0.9900915769430307,0.9318181818181818,0.9307692307692308
29,0.9615384615384616,0.9942427027683992,0.9620253164556962,0.9576923076923077
30,0.9403846153846154,0.9907904611184046,0.9372197309417041,0.9346153846153846
31,0.926923076923077,0.9872373473185759,0.9237668161434978,0.9192307692307692
32,0.9423076923076923,0.9900456497302422,0.9364406779661016,0.9423076923076923
33,0.9403846153846154,0.9903035872257673,0.9388646288209607,0.9346153846153846
34,0.925,0.9882721458490078,0.9181034482758621,0.9230769230769231
35,0.9403846153846154,0.9924572662665294,0.9353448275862069,0.9384615384615385
36,0.95,0.9915811974268693,0.9469026548672567,0.9461538461538461
37,0.925,0.9887726183121021,0.9227467811158798,0.9192307692307692
38,0.9557692307692308,0.9928829514063322,0.9529914529914529,0.9538461538461539
39,0.9634615384615385,0.9937133706532992,0.9606986899563319,0.9615384615384616
40,0.9384615384615385,0.9895496180424324,0.9366515837104072,0.9307692307692308
41,0.9519230769230769,0.9925670172159489,0.9473684210526315,0.95
42,0.9442307692307692,0.9900029145754301,0.9388646288209607,0.9423076923076923
43,0.948076923076923,0.9911233223401583,0.9429824561403509,0.9461538461538461
44,0.9461538461538461,0.9912454224549807,0.9391304347826087,0.9461538461538461
45,0.9173076923076923,0.9874768309868299,0.9152542372881356,0.9115384615384615
46,0.9403846153846154,0.9912376527602856,0.933920704845815,0.9384615384615385
47,0.9769230769230769,0.995277778001932,0.974025974025974,0.9769230769230769
48,0.9403846153846154,0.9912373749109414,0.9327354260089686,0.9384615384615385
49,0.9365384615384615,0.9901935581977551,0.9333333333333333,0.9307692307692308
50,0.925,0.9883818972569246,0.9177489177489178,0.9230769230769231
51,0.9461538461538461,0.9901479083758135,0.9439655172413793,0.9423076923076923
52,0.926923076923077,0.9882158130407334,0.9260869565217391,0.9192307692307692
53,0.9634615384615385,0.9941300376103475,0.960352422907489,0.9615384615384616
54,0.9288461538461539,0.9880250320984767,0.9264069264069265,0.9230769230769231
55,0.95,0.9909996956586837,0.9459459459459459,0.9461538461538461
56,0.948076923076923,0.9930415428601779,0.9454545454545454,0.9423076923076923
57,0.948076923076923,0.9912849660103138,0.944206008583691,0.9461538461538461
58,0.9384615384615385,0.9898487634383715,0.9366515837104072,0.9307692307692308
59,0.9173076923076923,0.9870023055718495,0.908675799086758,0.9115384615384615
60,0.9557692307692308,0.9932568832085683,0.9528301886792453,0.95
61,0.9519230769230769,0.9912927354757602,0.9497716894977168,0.9461538461538461
62,0.9519230769230769,0.9929638429329946,0.9502262443438914,0.9461538461538461
63,0.9653846153846154,0.9954729999487216,0.9596412556053812,0.9653846153846154
64,0.9153846153846154,0.9867184221744537,0.9082969432314411,0.9115384615384615
65,0.9173076923076923,0.9850607743630042,0.9066666666666666,0.9153846153846154
66,0.95,0.9927059061252154,0.9469026548672567,0.9461538461538461
67,0.925,0.9885941858475025,0.915929203539823,0.9230769230769231
68,0.9538461538461539,0.9928295325774413,0.9559471365638766,0.9461538461538461
69,0.9230769230769231,0.987289240039312,0.9213973799126638,0.9153846153846154
70,0.9326923076923077,0.988044872879982,0.9247787610619469,0.9307692307692308
71,0.9576923076923077,0.9916941399757678,0.9527896995708155,0.9576923076923077
72,0.948076923076923,0.9933527595721758,0.9429824561403509,0.9461538461538461
73,0.9365384615384615,0.9896717181572547,0.9380530973451328,0.926923076923077
74,0.9538461538461539,0.9928540917543265,0.9533898305084746,0.95
75,0.9538461538461539,0.9929088975374515,0.9519650655021834,0.95
76,0.9134615384615384,0.9861077829049184,0.9083333333333333,0.9115384615384615
77,0.9307692307692308,0.9896030373298205,0.9254385964912281,0.926923076923077
78,0.9538461538461539,0.9935207859827921,0.9497907949790795,0.9538461538461539
79,0.948076923076923,0.9925883852518522,0.9469026548672567,0.9423076923076923
80,0.9519230769230769,0.9914743597690876,0.9457013574660633,0.95
81,0.9423076923076923,0.9909353157648674,0.9422222222222222,0.9346153846153846
82,0.9307692307692308,0.9881697482787646,0.9264069264069265,0.926923076923077
83,0.9557692307692308,0.9929791051607866,0.9527896995708155,0.9538461538461539
84,0.9538461538461539,0.9927472536380474,0.9511111111111111,0.95
85,0.9211538461538461,0.9858501232587374,0.9140271493212669,0.9153846153846154
86,0.9442307692307692,0.9885958497340862,0.9383259911894273,0.9423076923076923
87,0.9634615384615385,0.9947008557044543,0.9608695652173913,0.9615384615384616
88,0.9230769230769231,0.9885361882356497,0.9177489177489178,0.9192307692307692
89,0.9576923076923077,0.9939940624512159,0.9559471365638766,0.9538461538461539
90,0.9403846153846154,0.9916375304643924,0.9347826086956522,0.9384615384615385
91,0.9384615384615385,0.9906499074055598,0.9375,0.9307692307692308
92,0.925,0.9886888125768074,0.918552036199095,0.9192307692307692
93,0.9403846153846154,0.9891650025661175,0.9380530973451328,0.9346153846153846
94,0.9403846153846154,0.9915598305372092,0.933920704845815,0.9384615384615385
95,0.9346153846153846,0.9884446118886654,0.9247787610619469,0.9346153846153846
96,0.9596153846153846,0.9940717628368965,0.954954954954955,0.9576923076923077
97,0.9403846153846154,0.9904302649773085,0.9414414414414415,0.9307692307692308
98,0.9192307692307692,0.9883649704548029,0.915929203539823,0.9115384615384615
99,0.9557692307692308,0.9946331459742326,0.9555555555555556,0.95
100,0.9538461538461539,0.9939131711538022,0.9506726457399103,0.95
101,0.9288461538461539,0.9886337289443383,0.9241071428571429,0.9230769230769231
102,0.9230769230769231,0.9876996631805713,0.9192825112107623,0.9153846153846154
103,0.9461538461538461,0.9914115064419233,0.9393939393939394,0.9461538461538461
104,0.9403846153846154,0.989027778689678,0.9377777777777778,0.9346153846153846
105,0.95,0.9926022602961614,0.9459459459459459,0.9461538461538461
106,0.9326923076923077,0.9896885078686934,0.9292035398230089,0.926923076923077
107,0.9519230769230769,0.9924157798290253,0.947136563876652,0.95
108,0.926923076923077,0.9886230452702596,0.920704845814978,0.9230769230769231
109,0.9384615384615385,0.9891038140425316,0.9288888888888889,0.9384615384615385
110,0.9326923076923077,0.9901265414861532,0.9301310043668122,0.926923076923077
111,0.9326923076923077,0.9888415760718859,0.9301310043668122,0.926923076923077
112,0.9519230769230769,0.9925747871398926,0.9519650655021834,0.9461538461538461
113,0.9692307692307692,0.9952622383832932,0.9641255605381166,0.9692307692307692
114,0.925,0.9890232010529592,0.9220183486238532,0.9153846153846154
115,0.9307692307692308,0.9902426763222768,0.9237668161434978,0.926923076923077
116,0.9173076923076923,0.9878080276342539,0.9128630705394191,0.9153846153846154
117,0.9326923076923077,0.9889131717956983,0.9251101321585903,0.9307692307692308
118,0.925,0.9886582876627262,0.9203539823008849,0.9192307692307692
119,0.925,0.9876083653706771,0.920704845814978,0.9192307692307692
120,0.9615384615384616,0.9952867975601783,0.9587155963302753,0.9576923076923077
121,0.9442307692307692,0.9921718574487246,0.9444444444444444,0.9384615384615385
122,0.9615384615384616,0.9947202808581865,0.9565217391304348,0.9615384615384616
123,0.9346153846153846,0.9898609741375997,0.9269406392694064,0.9307692307692308
124,0.9519230769230769,0.9922558009624481,0.9483568075117371,0.9461538461538461
125,0.9615384615384616,0.9940734271819774,0.9617021276595744,0.9576923076923077
126,0.9288461538461539,0.9865870248812896,0.9213973799126638,0.926923076923077
127,0.9365384615384615,0.9893650809159645,0.9356223175965666,0.9307692307692308
128,0.948076923076923,0.9909829068642396,0.9437229437229437,0.9461538461538461
129,0.9307692307692308,0.9878797604487493,0.925764192139738,0.926923076923077
130,0.9288461538461539,0.9896198265827619,0.9304347826086956,0.9192307692307692
131,0.9211538461538461,0.9887039367969219,0.915929203539823,0.9153846153846154
132,0.9634615384615385,0.9932005501710451,0.9613733905579399,0.9615384615384616
133,0.9134615384615384,0.9871516003058507,0.9039301310043668,0.9115384615384615
134,0.9173076923076923,0.9878230122419503,0.9066666666666666,0.9153846153846154
135,0.9365384615384615,0.989976968902808,0.9356223175965666,0.9307692307692308
136,0.948076923076923,0.9924174444033549,0.9466666666666667,0.9423076923076923
137,0.9346153846153846,0.9902945678967696,0.9369747899159664,0.926923076923077
138,0.9442307692307692,0.9907646529949629,0.9369369369369369,0.9423076923076923
139,0.9653846153846154,0.9936920030758931,0.9655172413793104,0.9615384615384616
140,0.9403846153846154,0.9918706307044396,0.9375,0.9346153846153846
141,0.9423076923076923,0.9921518775132986,0.9380530973451328,0.9384615384615385
142,0.9230769230769231,0.9863965220176256,0.9151785714285714,0.9192307692307692
143,0.948076923076923,0.990283883534945,0.9429824561403509,0.9461538461538461
144,0.9423076923076923,0.9897496959337821,0.9393939393939394,0.9384615384615385
145,0.925,0.9886353937479165,0.9254385964912281,0.9153846153846154
146,0.9134615384615384,0.9874174455037483,0.9117647058823529,0.9076923076923077
147,0.9326923076923077,0.988115080503317,0.9273504273504274,0.9307692307692308
148,0.9346153846153846,0.987702992099982,0.9347826086956522,0.926923076923077
149,0.9423076923076923,0.9909355936142115,0.9360730593607306,0.9384615384615385
150,0.9519230769230769,0.993197359259312,0.9515418502202643,0.9461538461538461
151,0.9442307692307692,0.9905645753328617,0.9380530973451328,0.9423076923076923
152,0.9365384615384615,0.9913063340462172,0.9279279279279279,0.9346153846153846
153,0.9538461538461539,0.993456683250574,0.954954954954955,0.9461538461538461
154,0.948076923076923,0.9910239772154734,0.9417040358744395,0.9461538461538461
155,0.9365384615384615,0.9907112348538178,0.9353448275862069,0.9307692307692308
156,0.9134615384615384,0.9858241778153639,0.905982905982906,0.9115384615384615
157,0.9461538461538461,0.9922645424421017,0.9388646288209607,0.9461538461538461
158,0.9384615384615385,0.9906286780650799,0.9361702127659575,0.9346153846153846
159,0.948076923076923,0.9928110789794188,0.9452054794520548,0.9423076923076923
160,0.9307692307692308,0.988388280226634,0.9264069264069265,0.926923076923077
161,0.9211538461538461,0.9866468271383873,0.911504424778761,0.9192307692307692
162,0.9423076923076923,0.990758548103846,0.9391304347826087,0.9384615384615385
163,0.9230769230769231,0.9867689267947124,0.919831223628692,0.9192307692307692
164,0.95,0.993630537390709,0.9473684210526315,0.9461538461538461
165,0.9519230769230769,0.9927411492054279,0.9513274336283186,0.9461538461538461
166,0.9423076923076923,0.9920632158334438,0.9437229437229437,0.9346153846153846
167,0.9423076923076923,0.9898565331330667,0.9383259911894273,0.9384615384615385
168,0.95,0.9913369974264732,0.9437229437229437,0.95
169,0.9576923076923077,0.9913888894594632,0.9553571428571429,0.9538461538461539
170,0.9461538461538461,0.9904014050960541,0.9401709401709402,0.9461538461538461
171,0.9288461538461539,0.9890870259358333,0.9267241379310345,0.9230769230769231
172,0.926923076923077,0.9885361882356497,0.9194915254237288,0.926923076923077
173,0.9211538461538461,0.9881497681140899,0.9155555555555556,0.9153846153846154
174,0.95,0.9923931630758139,0.9475982532751092,0.9461538461538461
175,0.9288461538461539,0.9876418044933906,0.9224137931034483,0.926923076923077
176,0.9634615384615385,0.9942796101936927,0.9620253164556962,0.9615384615384616
177,0.948076923076923,0.9919580427499918,0.9493087557603687,0.9384615384615385
178,0.9538461538461539,0.9929594026162074,0.947136563876652,0.9538461538461539
179,0.9653846153846154,0.9943803429603577,0.9647577092511013,0.9615384615384616
180,0.9538461538461539,0.9940365199859326,0.948051948051948,0.9538461538461539
181,0.9326923076923077,0.9898973265519508,0.9310344827586207,0.926923076923077
182,0.9576923076923077,0.9932996179048832,0.9567099567099567,0.9538461538461539
183,0.9288461538461539,0.9875380192811672,0.9282700421940928,0.9230769230769231
184,0.9576923076923077,0.9943725725779167,0.96,0.95
185,0.9307692307692308,0.9897111237049103,0.9213973799126638,0.9307692307692308
186,0.9711538461538461,0.9958896666765213,0.9732142857142857,0.9653846153846154
187,0.9519230769230769,0.992138279401339,0.9515418502202643,0.9461538461538461
188,0.9634615384615385,0.9937820519392307,0.9608695652173913,0.9615384615384616
189,0.9442307692307692,0.9891575100330207,0.9422222222222222,0.9384615384615385
190,0.9346153846153846,0.9904470546887472,0.9288888888888889,0.9307692307692308
191,0.9403846153846154,0.9912240551068232,0.9330357142857143,0.9384615384615385
192,0.926923076923077,0.9886091702259504,0.9230769230769231,0.9230769230769231
193,0.9596153846153846,0.9936538471625401,0.9551569506726457,0.9576923076923077
194,0.95,0.9922387345479085,0.9427312775330396,0.95
195,0.9192307692307692,0.9873669399664953,0.9126637554585153,0.9153846153846154
196,0.9634615384615385,0.9944000452756881,0.960352422907489,0.9615384615384616
197,0.9326923076923077,0.9886019553129489,0.9273504273504274,0.9307692307692308
198,0.9346153846153846,0.9906209085996335,0.9298245614035088,0.9307692307692308
199,0.9557692307692308,0.9936868697404861,0.9559471365638766,0.95
200,0.9442307692307692,0.9913124389373339,0.9383259911894273,0.9423076923076923
201,0.9461538461538461,0.9912451448348852,0.9380530973451328,0.9461538461538461
202,0.9538461538461539,0.994244367801226,0.9515418502202643,0.95
203,0.9538461538461539,0.9919243264656801,0.948051948051948,0.9538461538461539
204,0.9403846153846154,0.9877991458544364,0.9366515837104072,0.9346153846153846
205,0.9346153846153846,0.9905264194195087,0.9316239316239316,0.9307692307692308
206,0.948076923076923,0.9915689883323816,0.9429824561403509,0.9461538461538461
207,0.9576923076923077,0.9930477866759667,0.9539748953974896,0.9576923076923077
208,0.9326923076923077,0.9876083651414285,0.9247787610619469,0.9307692307692308
209,0.9538461538461539,0.9932095695000428,0.9563318777292577,0.9461538461538461
210,0.9365384615384615,0.9910864156026107,0.9301310043668122,0.9346153846153846
211,0.9365384615384615,0.9897921534684988,0.9304347826086956,0.9346153846153846
212,0.9615384615384616,0.9937010224048908,0.9613733905579399,0.9576923076923077
213,0.9365384615384615,0.9912942631886555,0.9327354260089686,0.9307692307692308
214,0.95,0.9925180391623424,0.9484978540772532,0.9461538461538461
215,0.9326923076923077,0.9884951176551672,0.9310344827586207,0.926923076923077
216,0.948076923076923,0.9926889793230937,0.9458333333333333,0.9461538461538461
217,0.948076923076923,0.9913782060146332,0.9461883408071748,0.9423076923076923
218,0.9423076923076923,0.9911599526038537,0.9375,0.9384615384615385
219,0.9326923076923077,0.9890853609030064,0.9324324324324325,0.9230769230769231
220,0.9346153846153846,0.9901663626615818,0.9301310043668122,0.9307692307692308
221,0.9423076923076923,0.991002609867316,0.9375,0.9384615384615385
222,0.9326923076923077,0.9900044422883254,0.9304347826086956,0.926923076923077
223,0.9538461538461539,0.9936019549003015,0.9515418502202643,0.95
224,0.9346153846153846,0.9885178724160562,0.9298245614035088,0.9307692307692308
225,0.95,0.9924786338439354,0.9475982532751092,0.9461538461538461
226,0.9596153846153846,0.9928234269985786,0.9553571428571429,0.9576923076923077
227,0.9653846153846154,0.9959887344103593,0.9656652360515021,0.9615384615384616
228,0.948076923076923,0.991665003162164,0.9417040358744395,0.9461538461538461
229,0.948076923076923,0.9923351663809556,0.9429824561403509,0.9461538461538461
230,0.9461538461538461,0.991213371203496,0.9396551724137931,0.9461538461538461
231,0.9538461538461539,0.9924691984286675,0.9487179487179487,0.9538461538461539
232,0.9326923076923077,0.9892610190006402,0.9282700421940928,0.9307692307692308
233,0.9326923076923077,0.9881532373336646,0.9267241379310345,0.9307692307692308
234,0.9538461538461539,0.9931972210223858,0.948051948051948,0.9538461538461539
235,0.9326923076923077,0.9899082878461251,0.9273504273504274,0.9307692307692308
236,0.9461538461538461,0.9921428584135495,0.9429824561403509,0.9423076923076923
237,0.975,0.9963568382538281,0.9724770642201835,0.9730769230769231
238,0.926923076923077,0.9888596147298813,0.915929203539823,0.926923076923077
239,0.95,0.9913918029803496,0.9427312775330396,0.95
240,0.9519230769230769,0.9906607288580674,0.9469026548672567,0.95
241,0.9653846153846154,0.9943573103501246,0.9608695652173913,0.9653846153846154
242,0.9557692307692308,0.9933530367337741,0.9511111111111111,0.9538461538461539
243,0.948076923076923,0.9930189267947124,0.9487179487179487,0.9423076923076923
244,0.9384615384615385,0.9900012500011004,0.9361702127659575,0.9346153846153846
245,0.948076923076923,0.99056624013644,0.9447004608294931,0.9423076923076923
246,0.9307692307692308,0.9890048861503601,0.9213973799126638,0.9307692307692308
247,0.9423076923076923,0.9917427035478446,0.9380530973451328,0.9384615384615385
248,0.95,0.9908562277372067,0.9487179487179487,0.9461538461538461
249,0.9423076923076923,0.9913675225698031,0.9403669724770642,0.9346153846153846
250,0.9442307692307692,0.9895648800409758,0.9391304347826087,0.9423076923076923
251,0.9384615384615385,0.991435787998713,0.9330357142857143,0.9346153846153846
252,0.9461538461538461,0.9916361428224123,0.9432314410480349,0.9423076923076923
253,0.9365384615384615,0.9896318972110748,0.9295154185022027,0.9346153846153846
254,0.9423076923076923,0.9912179497572092,0.9469026548672567,0.9307692307692308
255,0.9519230769230769,0.9930172622203827,0.9482758620689655,0.95
256,0.9730769230769231,0.9953311970600716,0.9745762711864406,0.9692307692307692
257,0.9096153846153846,0.9860407668810625,0.9029535864978903,0.9076923076923077
258,0.948076923076923,0.9938275630657489,0.9427312775330396,0.9461538461538461
259,0.9384615384615385,0.9903783729443183,0.9319148936170213,0.9384615384615385
260,0.9384615384615385,0.9901585925083894,0.9372197309417041,0.9307692307692308
261,0.9653846153846154,0.9951556788041042,0.9647577092511013,0.9615384615384616
262,0.9307692307692308,0.9895707084582402,0.9294605809128631,0.926923076923077
263,0.9442307692307692,0.991665003162164,0.9391304347826087,0.9423076923076923
264,0.9403846153846154,0.9897448395307248,0.9336283185840708,0.9384615384615385
265,0.9442307692307692,0.9906379745556758,0.9369369369369369,0.9423076923076923
266,0.948076923076923,0.9917307702394632,0.947136563876652,0.9423076923076923
267,0.9384615384615385,0.9901984141423152,0.9353448275862069,0.9346153846153846
268,0.9384615384615385,0.9911444129852148,0.9353448275862069,0.9346153846153846
269,0.9384615384615385,0.9906439407513692,0.9344978165938864,0.9346153846153846
270,0.9230769230769231,0.9871929480479313,0.9170305676855895,0.9192307692307692
271,0.9442307692307692,0.9891880347178532,0.9419642857142857,0.9384615384615385
272,0.9403846153846154,0.9889758866566878,0.9356223175965666,0.9384615384615385
273,0.948076923076923,0.9911155521869659,0.9419642857142857,0.9461538461538461
274,0.9326923076923077,0.9899983364802141,0.9327354260089686,0.9230769230769231
275,0.975,0.9958867526971377,0.9770642201834863,0.9692307692307692
276,0.9115384615384615,0.986664725954716,0.8991228070175439,0.9115384615384615
277,0.9615384615384616,0.9942915428143281,0.9608695652173913,0.9576923076923077
278,0.9346153846153846,0.9895435136098129,0.935064935064935,0.926923076923077
279,0.9365384615384615,0.9903887794567988,0.9321266968325792,0.9307692307692308
280,0.9346153846153846,0.9896532650177295,0.935064935064935,0.926923076923077
281,0.9326923076923077,0.9879868750388806,0.9292035398230089,0.926923076923077
282,0.926923076923077,0.9874694766906592,0.9192825112107623,0.9230769230769231
283,0.9403846153846154,0.9908576151499382,0.9464285714285714,0.926923076923077
284,0.9596153846153846,0.9947523316511742,0.9559471365638766,0.9576923076923077
285,0.9615384615384616,0.9942628213992486,0.9559471365638766,0.9615384615384616
286,0.9519230769230769,0.9929254089410489,0.956140350877193,0.9423076923076923
287,0.9403846153846154,0.9906134160665365,0.9404255319148936,0.9346153846153846
288,0.9307692307692308,0.9895129886957316,0.92,0.9307692307692308
289,0.9538461538461539,0.992576314165042,0.9529914529914529,0.95
290,0.95,0.9904609290453104,0.9395348837209302,0.95
291,0.9326923076923077,0.9879029315251571,0.9304347826086956,0.926923076923077
292,0.926923076923077,0.9894641488790512,0.9213973799126638,0.9230769230769231
293,0.9615384615384616,0.9953676886283435,0.963963963963964,0.9538461538461539
294,0.9538461538461539,0.991912393615796,0.9533898305084746,0.95
295,0.9403846153846154,0.9908837013519727,0.9333333333333333,0.9384615384615385
296,0.9576923076923077,0.9922115392409838,0.9513274336283186,0.9576923076923077
297,0.9519230769230769,0.9921137206829511,0.9478260869565217,0.95
298,0.9365384615384615,0.9896244051364752,0.9276018099547512,0.9346153846153846
299,0.9365384615384615,0.9916724961537581,0.9344978165938864,0.9307692307692308
300,0.9519230769230769,0.9923701311533267,0.9475982532751092,0.95
301,0.9423076923076923,0.9901343111808484,0.9422222222222222,0.9346153846153846
302,0.9134615384615384,0.9859459998515936,0.9082969432314411,0.9076923076923077
303,0.926923076923077,0.9884536316761604,0.9194915254237288,0.926923076923077
304,0.9730769230769231,0.9957692313652772,0.9732142857142857,0.9692307692307692
305,0.9307692307692308,0.9884462776092383,0.9224137931034483,0.9307692307692308
306,0.95,0.9919184989654101,0.9511111111111111,0.9423076923076923
307,0.9576923076923077,0.9935711525953733,0.9547511312217195,0.9538461538461539
308,0.9403846153846154,0.991330892764605,0.9353448275862069,0.9384615384615385
309,0.9288461538461539,0.9897875749147855,0.9230769230769231,0.9230769230769231
310,0.9461538461538461,0.9901051734502498,0.9398148148148148,0.9423076923076923
311,0.9423076923076923,0.9910742046741339,0.9342105263157895,0.9423076923076923
312,0.9153846153846154,0.9873895569489552,0.9141630901287554,0.9076923076923077
313,0.948076923076923,0.9923057505717644,0.9422222222222222,0.9461538461538461
314,0.9423076923076923,0.989743590584168,0.9401709401709402,0.9384615384615385
315,0.9557692307692308,0.9932127608702733,0.954954954954955,0.95
316,0.9365384615384615,0.989218421624257,0.9295154185022027,0.9346153846153846
317,0.9673076923076923,0.9944871803888908,0.9653679653679653,0.9653846153846154
318,0.9692307692307692,0.9946489629837183,0.9688888888888889,0.9653846153846154
319,0.95,0.9930447349181541,0.9459459459459459,0.9461538461538461
320,0.95,0.9934569608706695,0.9469026548672567,0.9461538461538461
321,0.9576923076923077,0.9939695035035794,0.9553571428571429,0.9538461538461539
322,0.9384615384615385,0.9911230451785601,0.9388646288209607,0.9307692307692308
323,0.9576923076923077,0.9940064111581215,0.9652173913043478,0.9461538461538461
324,0.9711538461538461,0.9947985355670635,0.9704641350210971,0.9692307692307692
325,0.9115384615384615,0.9852787508414342,0.9051724137931034,0.9076923076923077
326,0.9442307692307692,0.9916788779772245,0.9391304347826087,0.9423076923076923
327,0.948076923076923,0.9916161626577378,0.9475982532751092,0.9423076923076923
328,0.948076923076923,0.9918391342346485,0.9414414414414415,0.9461538461538461
329,0.9596153846153846,0.9939636760033094,0.9570815450643777,0.9576923076923077
330,0.9423076923076923,0.9904087593922248,0.9383259911894273,0.9384615384615385
331,0.9346153846153846,0.9888095248204011,0.9279661016949152,0.9346153846153846
332,0.975,0.9961247091109936,0.9737991266375546,0.9730769230769231
333,0.9365384615384615,0.9893512051839095,0.926605504587156,0.9346153846153846
334,0.95,0.9921457719344359,0.948936170212766,0.9461538461538461
335,0.9538461538461539,0.9931148029290713,0.9466666666666667,0.9538461538461539
336,0.9365384615384615,0.9894017107211627,0.9347826086956522,0.9307692307692308
337,0.95,0.991549008167707,0.9473684210526315,0.9461538461538461
338,0.9730769230769231,0.9962771954444739,0.9692982456140351,0.9730769230769231
339,0.95,0.9908287552686837,0.9464285714285714,0.9461538461538461
340,0.9173076923076923,0.9879301275198277,0.9126637554585153,0.9115384615384615
341,0.9346153846153846,0.9908361102526004,0.9319148936170213,0.9307692307692308
342,0.9442307692307692,0.9921778234151694,0.9401709401709402,0.9423076923076923
343,0.9326923076923077,0.9903875307394908,0.9396551724137931,0.9192307692307692
344,0.9115384615384615,0.9863962448560275,0.9090909090909091,0.9
345,0.9307692307692308,0.9894350109192042,0.9227467811158798,0.9307692307692308
346,0.9653846153846154,0.9939452221760383,0.960352422907489,0.9653846153846154
347,0.9230769230769231,0.9891083935132393,0.9155555555555556,0.9192307692307692
348,0.948076923076923,0.9933620562920203,0.95,0.9384615384615385
349,0.948076923076923,0.9921212132160481,0.9429824561403509,0.9461538461538461
350,0.9230769230769231,0.9884873477312235,0.9151785714285714,0.9192307692307692
351,0.9173076923076923,0.9863979096596057,0.911504424778761,0.9115384615384615
352,0.95,0.9920634934535393,0.9454545454545454,0.9461538461538461
353,0.9192307692307692,0.9861123614586317,0.9166666666666666,0.9115384615384615
354,0.9365384615384615,0.9905172623120821,0.9342105263157895,0.9307692307692308
355,0.9384615384615385,0.9895755644028004,0.9310344827586207,0.9384615384615385
356,0.9153846153846154,0.9862771969575148,0.9130434782608695,0.9076923076923077
357,0.9153846153846154,0.9867109298706055,0.9074889867841409,0.9115384615384615
358,0.95,0.9917932079388545,0.9449152542372882,0.95
359,0.9461538461538461,0.9913095249579503,0.9400921658986175,0.9423076923076923
360,0.9576923076923077,0.9937820521684794,0.9565217391304348,0.9538461538461539
361,0.975,0.9963979081465648,0.9732142857142857,0.9730769230769231
362,0.9442307692307692,0.990903542133478,0.9437229437229437,0.9384615384615385
363,0.925,0.9875867199439269,0.9162995594713657,0.9230769230769231
364,0.9365384615384615,0.9894900943224246,0.9310344827586207,0.9346153846153846
365,0.9673076923076923,0.9956944449589803,0.9692982456140351,0.9615384615384616
366,0.9634615384615385,0.9942307701477637,0.9605263157894737,0.9615384615384616
367,0.9461538461538461,0.9919425031313529,0.9521739130434783,0.9346153846153846
368,0.9076923076923077,0.9855308599196948,0.8969957081545065,0.9076923076923077
369,0.9423076923076923,0.9909003507632476,0.9372384937238494,0.9423076923076923
370,0.9173076923076923,0.9857491133304742,0.9098712446351931,0.9153846153846154
371,0.9576923076923077,0.9923351656932097,0.9559471365638766,0.9538461538461539
372,0.9461538461538461,0.9907646529949629,0.9417040358744395,0.9423076923076923
373,0.9423076923076923,0.9905509776793994,0.9366515837104072,0.9384615384615385
374,0.948076923076923,0.9912803872273519,0.9439655172413793,0.9461538461538461
375,0.9346153846153846,0.9895525322510645,0.9272727272727272,0.9307692307692308
376,0.9403846153846154,0.9888415760718859,0.9361702127659575,0.9384615384615385
377,0.9538461538461539,0.9932416209807763,0.9529914529914529,0.95
378,0.9653846153846154,0.9960926578595088,0.9647577092511013,0.9615384615384616
379,0.9384615384615385,0.9902637653625929,0.9292035398230089,0.9384615384615385
380,0.9346153846153846,0.9901080878881308,0.9295154185022027,0.9307692307692308
381,0.9365384615384615,0.9889559062627645,0.9282511210762332,0.9346153846153846
382,0.9423076923076923,0.9921775460243225,0.9401709401709402,0.9384615384615385
383,0.948076923076923,0.9934475261431474,0.9422222222222222,0.9461538461538461
384,0.95,0.991901710170966,0.948051948051948,0.9461538461538461
385,0.948076923076923,0.993088856110206,0.9523809523809523,0.9384615384615385
386,0.9442307692307692,0.9916407220638715,0.9366515837104072,0.9423076923076923
387,0.95,0.9936781287193298,0.9459459459459459,0.9461538461538461
388,0.9423076923076923,0.9919900944599739,0.9366515837104072,0.9384615384615385
389,0.9211538461538461,0.9876173844704261,0.922077922077922,0.9115384615384615
390,0.9461538461538461,0.9925029151714765,0.9391304347826087,0.9461538461538461
391,0.9673076923076923,0.9937179492070125,0.9659574468085106,0.9653846153846154
392,0.9673076923076923,0.995913948233311,0.9644444444444444,0.9653846153846154
393,0.9211538461538461,0.9870328295689362,0.918552036199095,0.9115384615384615
394,0.9807692307692307,0.9960683763027192,0.982532751091703,0.9769230769230769
395,0.9326923076923077,0.9883268133952068,0.9301310043668122,0.926923076923077
396,0.9346153846153846,0.9890766191941042,0.9363636363636364,0.9230769230769231
397,0.9288461538461539,0.9896657528785558,0.9216589861751152,0.9230769230769231
398,0.9346153846153846,0.989757188466879,0.9301310043668122,0.9307692307692308
399,0.9557692307692308,0.9937253039616805,0.9608695652173913,0.9461538461538461
400,0.9115384615384615,0.9847542746708944,0.9045454545454545,0.9038461538461539
401,0.95,0.991042430813496,0.944206008583691,0.95
402,0.9230769230769231,0.9887726185413507,0.9159663865546218,0.9230769230769231
403,0.9211538461538461,0.9876785734525093,0.9177489177489178,0.9153846153846154
404,0.9403846153846154,0.9923351663809556,0.9327354260089686,0.9384615384615385
405,0.9596153846153846,0.9934081201369945,0.9534883720930233,0.9576923076923077
406,0.9384615384615385,0.9903081653209833,0.9330357142857143,0.9346153846153846
407,0.95,0.9925624388914842,0.9466666666666667,0.9461538461538461
408,0.9365384615384615,0.9904777185275004,0.9324324324324325,0.9307692307692308
409,0.9288461538461539,0.9893269247733629,0.9181818181818182,0.926923076923077
410,0.9307692307692308,0.9902605746801083,0.9234042553191489,0.9307692307692308
411,0.9403846153846154,0.9910285559984354,0.9364406779661016,0.9384615384615385
412,0.9365384615384615,0.991472417803911,0.9282511210762332,0.9346153846153846
413,0.948076923076923,0.992389556307059,0.9392523364485982,0.9461538461538461
414,0.9346153846153846,0.9890627441497949,0.9254385964912281,0.9346153846153846
415,0.9461538461538461,0.9933180721906515,0.9449152542372882,0.9423076923076923
416,0.9557692307692308,0.9930509778169485,0.9563318777292577,0.95
417,0.9384615384615385,0.9883119663366905,0.9347826086956522,0.9346153846153846
418,0.9615384615384616,0.9944900939097772,0.9612068965517241,0.9576923076923077
419,0.9423076923076923,0.9915734279614229,0.9372197309417041,0.9384615384615385
420,0.9576923076923077,0.99168026470221,0.9583333333333334,0.9538461538461539
421,0.9538461538461539,0.9930538917963322,0.9545454545454546,0.9461538461538461
422,0.9692307692307692,0.9958209853905898,0.974025974025974,0.9615384615384616
423,0.9326923076923077,0.9888049464959364,0.926605504587156,0.926923076923077
424,0.9096153846153846,0.9880626339178818,0.9039301310043668,0.9038461538461539
425,0.926923076923077,0.9878264810030277,0.91324200913242,0.926923076923077
426,0.9442307692307692,0.9910897445220214,0.9342723004694836,0.9423076923076923
427,0.9538461538461539,0.9940076603339268,0.9541666666666667,0.95
428,0.9365384615384615,0.9898548690172342,0.935064935064935,0.9307692307692308
429,0.948076923076923,0.9923487633466721,0.9456066945606695,0.9461538461538461
430,0.9442307692307692,0.9902350439475133,0.9406392694063926,0.9384615384615385
431,0.9692307692307692,0.9962849658269148,0.9655172413793104,0.9692307692307692
432,0.9673076923076923,0.9932967036962509,0.9652173913043478,0.9653846153846154
433,0.9326923076923077,0.9890628835329642,0.9234234234234234,0.9307692307692308
434,0.9307692307692308,0.987177823140071,0.9267241379310345,0.926923076923077
435,0.9365384615384615,0.9904988084848111,0.9285714285714286,0.9346153846153846
436,0.9442307692307692,0.9905296105604905,0.9434782608695652,0.9384615384615385
437,0.9307692307692308,0.9879730002238201,0.9260869565217391,0.926923076923077
438,0.9153846153846154,0.9868391351057932,0.9035087719298246,0.9153846153846154
439,0.9288461538461539,0.9882703428085033,0.9234234234234234,0.9230769230769231
440,0.925,0.9880265588943775,0.922077922077922,0.9192307692307692
441,0.9461538461538461,0.9924902886152267,0.9369369369369369,0.9461538461538461
442,0.9519230769230769,0.991371962428093,0.948051948051948,0.95
443,0.9211538461538461,0.9880004731508402,0.9137931034482759,0.9192307692307692
444,0.9634615384615385,0.9932371799762433,0.9606986899563319,0.9615384615384616
445,0.9538461538461539,0.9938170173993477,0.9531914893617022,0.95
446,0.948076923076923,0.9920250587738477,0.9469026548672567,0.9423076923076923
447,0.925,0.9884537701423352,0.9203539823008849,0.9192307692307692
448,0.9307692307692308,0.9903414657482734,0.9227272727272727,0.926923076923077
449,0.9461538461538461,0.9924160576783694,0.9424778761061947,0.9423076923076923
450,0.9596153846153846,0.9954211079157316,0.9653679653679653,0.95
451,0.9403846153846154,0.990460929274559,0.9347826086956522,0.9384615384615385
452,0.9365384615384615,0.9906303433271555,0.9333333333333333,0.9307692307692308
453,0.9576923076923077,0.9931088367333779,0.9605263157894737,0.95
454,0.9673076923076923,0.9954791048398385,0.9690265486725663,0.9615384615384616
455,0.926923076923077,0.9886520443054346,0.9162995594713657,0.926923076923077
456,0.9461538461538461,0.9927136765076564,0.9475982532751092,0.9384615384615385
457,0.9519230769230769,0.9938289504784804,0.9466666666666667,0.95
458,0.925,0.9883071110798762,0.9203539823008849,0.9192307692307692
459,0.9538461538461539,0.9927272734733729,0.9525862068965517,0.95
460,0.9461538461538461,0.9925319144359002,0.9417040358744395,0.9423076923076923
461,0.9326923076923077,0.9913583656916252,0.9298245614035088,0.926923076923077
462,0.9384615384615385,0.9905584706709936,0.9364406779661016,0.9346153846153846
463,0.9384615384615385,0.9915474822888007,0.9344978165938864,0.9346153846153846
464,0.9557692307692308,0.9935618558755288,0.9521739130434783,0.9538461538461539
465,0.9403846153846154,0.9892504726464931,0.933920704845815,0.9384615384615385
466,0.9384615384615385,0.990732601743478,0.9363636363636364,0.9307692307692308
467,0.9230769230769231,0.989259769824835,0.9230769230769231,0.9115384615384615
468,0.9365384615384615,0.9917643485160974,0.9324324324324325,0.9307692307692308
469,0.9403846153846154,0.9904516327839631,0.9372197309417041,0.9346153846153846
470,0.9403846153846154,0.9912026875294172,0.9327354260089686,0.9384615384615385
471,0.9288461538461539,0.9883348611684946,0.9203539823008849,0.926923076923077
472,0.9230769230769231,0.9875270584454903,0.9141630901287554,0.9230769230769231
473,0.9442307692307692,0.9912803874566005,0.9469026548672567,0.9346153846153846
474,0.9461538461538461,0.991188812485108,0.9427312775330396,0.9423076923076923
475,0.9519230769230769,0.9927654303037203,0.9527896995708155,0.9461538461538461
476,0.9442307692307692,0.9903693540738179,0.948936170212766,0.9346153846153846
477,0.9384615384615385,0.9907202539535669,0.933920704845815,0.9346153846153846
478,0.9557692307692308,0.9944993908588703,0.9521739130434783,0.9538461538461539
479,0.9442307692307692,0.9920389347351515,0.9388646288209607,0.9423076923076923
480,0.975,0.9960637977490059,0.9789029535864979,0.9692307692307692
481,0.925,0.9889438360929489,0.9162995594713657,0.9230769230769231
482,0.9365384615384615,0.989474831865384,0.9330543933054394,0.9346153846153846
483,0.926923076923077,0.987730187865404,0.9213973799126638,0.9230769230769231
484,0.9538461538461539,0.9934217180197056,0.9527896995708155,0.95
485,0.95,0.9931682217579622,0.9469026548672567,0.9461538461538461
486,0.9365384615384615,0.9908283400994081,0.9344978165938864,0.9307692307692308
487,0.9442307692307692,0.9896001233504369,0.9434782608695652,0.9384615384615385
488,0.948076923076923,0.9922985365757575,0.9439655172413793,0.9461538461538461
489,0.9596153846153846,0.9938095246370022,0.9557522123893806,0.9576923076923077
490,0.9423076923076923,0.9919731669701063,0.9432314410480349,0.9346153846153846
491,0.9384615384615385,0.9909824912364666,0.9358974358974359,0.9346153846153846
492,0.9346153846153846,0.9890627439205463,0.9322033898305084,0.9307692307692308
493,0.95,0.9924847387350523,0.947136563876652,0.9461538461538461
494,0.9346153846153846,0.9882248321404824,0.9234234234234234,0.9346153846153846
495,0.9442307692307692,0.9917230003155195,0.9424778761061947,0.9384615384615385
496,0.9519230769230769,0.9920664069744257,0.9464285714285714,0.95
497,0.9461538461538461,0.9923028372801267,0.9414414414414415,0.9423076923076923
498,0.9576923076923077,0.9932507776297056,0.9592760180995475,0.95
499,0.9365384615384615,0.9902226952406076,0.9356223175965666,0.9307692307692308
500,0.948076923076923,0.9920360205265192,0.9478260869565217,0.9423076923076923
501,0.9134615384615384,0.9863505961803289,0.9082969432314411,0.9076923076923077
502,0.9384615384615385,0.991243757880651,0.9324324324324325,0.9346153846153846
503,0.9442307692307692,0.990408897629151,0.9409282700421941,0.9423076923076923
504,0.9519230769230769,0.9921137204537025,0.9461883408071748,0.95
505,0.9384615384615385,0.9917306322317857,0.9380530973451328,0.9307692307692308
506,0.9384615384615385,0.989407537992184,0.9333333333333333,0.9346153846153846
507,0.9365384615384615,0.9892016332883101,0.9288888888888889,0.9346153846153846
508,0.95,0.9926479089718598,0.9519650655021834,0.9423076923076923
509,0.948076923076923,0.9924556014629511,0.9478260869565217,0.9423076923076923
510,0.9538461538461539,0.9918832561144462,0.9482758620689655,0.9538461538461539
511,0.9519230769230769,0.9928676894077888,0.947136563876652,0.95
512,0.9346153846153846,0.9888354714100177,0.9342105263157895,0.926923076923077
513,0.9346153846153846,0.9892307703311627,0.9307359307359307,0.9307692307692308
514,0.9576923076923077,0.9935848882565131,0.9521739130434783,0.9576923076923077
515,0.9557692307692308,0.9938367197146782,0.9537037037037037,0.95
516,0.9326923076923077,0.988916085087336,0.9273504273504274,0.9307692307692308
517,0.9211538461538461,0.986861889408185,0.9177489177489178,0.9153846153846154
518,0.9461538461538461,0.9930198983504221,0.9391304347826087,0.9461538461538461
519,0.926923076923077,0.9876935576017086,0.9213973799126638,0.9230769230769231
520,0.9346153846153846,0.9901660852707349,0.9327731092436975,0.9307692307692308
521,0.9326923076923077,0.9898991307386985,0.9301310043668122,0.926923076923077
522,0.9538461538461539,0.9931575378546348,0.9521739130434783,0.95
523,0.925,0.9886538478044363,0.9196428571428571,0.9192307692307692
524,0.95,0.9932935130137663,0.9553571428571429,0.9384615384615385
525,0.9173076923076923,0.9872692612501291,0.9111111111111111,0.9115384615384615
526,0.925,0.9886460774219953,0.9194915254237288,0.9230769230769231
527,0.9346153846153846,0.9907964275433467,0.9324324324324325,0.926923076923077
528,0.9173076923076923,0.9863598926709248,0.9102564102564102,0.9153846153846154
529,0.9115384615384615,0.9865856388440499,0.9022222222222223,0.9076923076923077
530,0.9596153846153846,0.9943162399988908,0.9553571428571429,0.9576923076923077
531,0.948076923076923,0.9926112791666618,0.9398148148148148,0.9461538461538461
532,0.9326923076923077,0.9892504733342391,0.9254385964912281,0.9307692307692308
533,0.9634615384615385,0.9945221449320133,0.9646017699115044,0.9576923076923077
534,0.9557692307692308,0.9941054788919595,0.9537815126050421,0.9538461538461539
535,0.9557692307692308,0.9940306920271653,0.9555555555555556,0.95
536,0.95,0.9922953447470299,0.944206008583691,0.95
537,0.9403846153846154,0.9901952223135875,0.9333333333333333,0.9384615384615385
538,0.95,0.9925258088570375,0.9513274336283186,0.9423076923076923
539,0.9346153846153846,0.9902136768286045,0.9333333333333333,0.926923076923077
540,0.948076923076923,0.9925534197917352,0.9457013574660633,0.9423076923076923
541,0.9538461538461539,0.9928127437829971,0.954954954954955,0.9461538461538461
542,0.95,0.9927411487469306,0.9461883408071748,0.9461538461538461
543,0.9730769230769231,0.9950274731104191,0.9672897196261683,0.9730769230769231
544,0.9346153846153846,0.9892747544325315,0.9298245614035088,0.9307692307692308
545,0.9365384615384615,0.9912927363927547,0.935064935064935,0.9307692307692308
546,0.9384615384615385,0.9905128215367978,0.9313304721030042,0.9384615384615385
547,0.925,0.9878431306435511,0.9192825112107623,0.9192307692307692
548,0.9365384615384615,0.9891436354472087,0.9272727272727272,0.9346153846153846
549,0.9230769230769231,0.988056805729866,0.91324200913242,0.9192307692307692
550,0.95,0.9936138877501854,0.9437229437229437,0.95
551,0.9576923076923077,0.9944214128530943,0.9559471365638766,0.9538461538461539
552,0.9538461538461539,0.9916863698225755,0.9491525423728814,0.9538461538461539
553,0.9230769230769231,0.9890610798047139,0.9118942731277533,0.9230769230769231
554,0.926923076923077,0.9866009006133446,0.9188034188034188,0.926923076923077
555,0.9615384615384616,0.9940598297577637,0.9587155963302753,0.9576923076923077
556,0.9192307692307692,0.9860604689671443,0.908695652173913,0.9192307692307692
557,0.9596153846153846,0.9932280230980653,0.9567099567099567,0.9576923076923077
558,0.948076923076923,0.9903875298224962,0.9444444444444444,0.9461538461538461
559,0.9115384615384615,0.9847893795141807,0.9013452914798207,0.9076923076923077
560,0.8942307692307693,0.9834249104444798,0.8859649122807017,0.8884615384615384
561,0.9442307692307692,0.9919459721216789,0.9380530973451328,0.9423076923076923
562,0.95,0.991765735241083,0.944206008583691,0.95
563,0.925,0.9879516333341598,0.9223744292237442,0.9153846153846154
564,0.9538461538461539,0.9918543964624404,0.9506726457399103,0.95
565,0.925,0.987052532342764,0.9234234234234234,0.9153846153846154
566,0.9365384615384615,0.9911276237322734,0.9304347826086956,0.9346153846153846
567,0.9461538461538461,0.9918376081264936,0.9475982532751092,0.9384615384615385
568,0.9153846153846154,0.9866572331923705,0.9074889867841409,0.9115384615384615
569,0.925,0.9876877307891846,0.915929203539823,0.9230769230769231
570,0.95,0.9924679494821108,0.9504504504504504,0.9423076923076923
571,0.9653846153846154,0.9954803542448925,0.9605263157894737,0.9653846153846154
572,0.9403846153846154,0.9899708633239452,0.9333333333333333,0.9384615384615385
573,0.9423076923076923,0.9912790002731177,0.9342723004694836,0.9384615384615385
574,0.9365384615384615,0.989638001872943,0.9382716049382716,0.9307692307692308
575,0.948076923076923,0.9914467488343899,0.9473684210526315,0.9423076923076923
576,0.95,0.9916009004299458,0.9449152542372882,0.95
577,0.9307692307692308,0.9897875751440341,0.925764192139738,0.926923076923077
578,0.9211538461538461,0.9873504290213951,0.9155555555555556,0.9153846153846154
579,0.9346153846153846,0.9900549471378326,0.9364406779661016,0.926923076923077
580,0.9307692307692308,0.9889636766452056,0.920704845814978,0.9307692307692308
581,0.9288461538461539,0.9881895895187671,0.9230769230769231,0.926923076923077
582,0.9423076923076923,0.9905888571189,0.9416666666666667,0.9384615384615385
583,0.9423076923076923,0.9906684992405085,0.9434782608695652,0.9346153846153846
584,0.9461538461538461,0.9919748317736846,0.9452054794520548,0.9384615384615385
585,0.9596153846153846,0.9942016326464139,0.9579439252336449,0.9538461538461539
586,0.9519230769230769,0.9923672174031918,0.9478260869565217,0.95
587,0.95,0.9921885070892481,0.9466666666666667,0.9461538461538461
588,0.9384615384615385,0.9888461548548478,0.935064935064935,0.9346153846153846
589,0.9384615384615385,0.9922999235299917,0.9344978165938864,0.9346153846153846
590,0.9365384615384615,0.9898594471124502,0.9288888888888889,0.9346153846153846
591,0.948076923076923,0.9919961993510906,0.9457013574660633,0.9423076923076923
592,0.9384615384615385,0.9924753044660275,0.935064935064935,0.9346153846153846
593,0.9403846153846154,0.9912515278045948,0.935064935064935,0.9384615384615385
594,0.95,0.9928402164807686,0.9439655172413793,0.95
595,0.9211538461538461,0.9865094645665242,0.9145299145299145,0.9192307692307692
596,0.9596153846153846,0.993916362294784,0.9655172413793104,0.95
597,0.9365384615384615,0.9907692324656706,0.9347826086956522,0.9307692307692308
598,0.9519230769230769,0.9926585926459386,0.9459459459459459,0.95
599,0.95,0.990993590767567,0.9427312775330396,0.95
600,0.9326923076923077,0.9897616294714121,0.9307359307359307,0.926923076923077
601,0.9288461538461539,0.9883924426940771,0.9240506329113924,0.926923076923077
602,0.9307692307692308,0.9901479097513052,0.9213973799126638,0.9307692307692308
603,0.9307692307692308,0.9893925533844874,0.9241071428571429,0.926923076923077
604,0.9173076923076923,0.9873762373740856,0.9066666666666666,0.9153846153846154
605,0.948076923076923,0.9907478642005186,0.9459459459459459,0.9423076923076923
606,0.9673076923076923,0.9949786330644901,0.9688888888888889,0.9615384615384616
607,0.9384615384615385,0.9904392843063061,0.9307359307359307,0.9384615384615385
608,0.926923076923077,0.9885266141249583,0.9246861924686193,0.9230769230769231
609,0.9307692307692308,0.9883957720719851,0.9244444444444444,0.926923076923077
610,0.9461538461538461,0.9914879576517985,0.9449152542372882,0.9423076923076923
611,0.9519230769230769,0.9917397891099636,0.9484978540772532,0.95
612,0.9403846153846154,0.990912561233227,0.9330357142857143,0.9384615384615385
613,0.9692307692307692,0.9963003676671248,0.9680365296803652,0.9653846153846154
614,0.9346153846153846,0.9902486418302242,0.9285714285714286,0.9307692307692308
615,0.9403846153846154,0.9902350444060105,0.9321266968325792,0.9384615384615385
616,0.925,0.987872268144901,0.922077922077922,0.9192307692307692
617,0.9326923076923077,0.9903339734444252,0.9307359307359307,0.926923076923077
618,0.9673076923076923,0.9950348274065898,0.9641255605381166,0.9653846153846154
619,0.9403846153846154,0.9907248318195343,0.9347826086956522,0.9384615384615385
620,0.9134615384615384,0.9853693544864655,0.9004524886877828,0.9115384615384615
621,0.9192307692307692,0.9875119342253759,0.9135802469135802,0.9192307692307692
622,0.9346153846153846,0.9904347059818415,0.9313304721030042,0.9307692307692308
623,0.9442307692307692,0.9914316248435241,0.9369369369369369,0.9423076923076923
624,0.9365384615384615,0.9901767684863164,0.9404255319148936,0.926923076923077
625,0.9307692307692308,0.9889804652104011,0.927038626609442,0.926923076923077
626,0.9403846153846154,0.9895969319802064,0.9377777777777778,0.9346153846153846
627,0.9307692307692308,0.9879208303414858,0.9254385964912281,0.926923076923077
628,0.9326923076923077,0.9916647260005658,0.9251101321585903,0.9307692307692308
629,0.9442307692307692,0.9909841558107964,0.9393939393939394,0.9423076923076923
630,0.9307692307692308,0.9886920039470379,0.9230769230769231,0.9307692307692308
631,0.9615384615384616,0.9948242043073361,0.9565217391304348,0.9615384615384616
632,0.9403846153846154,0.9917443683514229,0.9347826086956522,0.9384615384615385
633,0.975,0.9949786328352415,0.9728506787330317,0.9730769230769231
634,0.95,0.9911019552212496,0.9475982532751092,0.9461538461538461
635,0.9423076923076923,0.99053085904855,0.9380530973451328,0.9384615384615385
636,0.9403846153846154,0.9912835792853282,0.9388646288209607,0.9346153846153846
637,0.926923076923077,0.987917639200504,0.9188034188034188,0.926923076923077
638,0.9384615384615385,0.9902088201962984,0.9358974358974359,0.9346153846153846
639,0.9461538461538461,0.9909385069058492,0.9459459459459459,0.9384615384615385
640,0.9615384615384616,0.9943269241314668,0.9574468085106383,0.9615384615384616
641,0.9596153846153846,0.993780387364901,0.9563318777292577,0.9576923076923077
642,0.9211538461538461,0.988369826399363,0.9151785714285714,0.9153846153846154
643,0.9538461538461539,0.9929395620639507,0.9487179487179487,0.9538461538461539
644,0.9673076923076923,0.9950000004126476,0.9669811320754716,0.9615384615384616
645,0.925,0.9891575111792638,0.9282511210762332,0.9115384615384615
646,0.9384615384615385,0.9895664070661251,0.9272727272727272,0.9384615384615385
647,0.9403846153846154,0.9910178723243567,0.9401709401709402,0.9346153846153846
648,0.9519230769230769,0.9944592918340976,0.9517543859649122,0.9461538461538461
649,0.9115384615384615,0.983491926239087,0.9035087719298246,0.9076923076923077
650,0.9326923076923077,0.9899478311722095,0.9244444444444444,0.9307692307692308
651,0.9615384615384616,0.9922863251887835,0.9596412556053812,0.9576923076923077
652,0.95,0.9924922312681491,0.9517543859649122,0.9423076923076923
653,0.9461538461538461,0.9924050961549465,0.948051948051948,0.9384615384615385
654,0.9538461538461539,0.9927544687802975,0.9473684210526315,0.9538461538461539
655,0.9423076923076923,0.9903280072487317,0.9375,0.9384615384615385
656,0.926923076923077,0.9878737947115531,0.9203539823008849,0.9230769230769231
657,0.9634615384615385,0.9923779006187733,0.961864406779661,0.9615384615384616
658,0.9634615384615385,0.9943206805449266,0.9605263157894737,0.9615384615384616
659,0.925,0.9862622114328238,0.9173913043478261,0.9230769230769231
660,0.926923076923077,0.9884627890128356,0.9260869565217391,0.9192307692307692
661,0.9442307692307692,0.9919200264490567,0.9422222222222222,0.9384615384615385
662,0.9173076923076923,0.9874875148901573,0.9078947368421053,0.9153846153846154
663,0.9461538461538461,0.9923591698591526,0.9439655172413793,0.9423076923076923
664,0.9230769230769231,0.9871930860556088,0.9147982062780269,0.9192307692307692
665,0.95,0.9920573883331739,0.9525862068965517,0.9423076923076923
666,0.9307692307692308,0.9894029594384707,0.9230769230769231,0.926923076923077
667,0.9461538461538461,0.9921396670433191,0.9396551724137931,0.9461538461538461
668,0.9538461538461539,0.9932935130137663,0.9466666666666667,0.9538461538461539
669,0.95,0.991645299929839,0.9473684210526315,0.9461538461538461
670,0.9673076923076923,0.9946474364170661,0.9644444444444444,0.9653846153846154
671,0.975,0.9947710626400434,0.9736842105263158,0.9730769230769231
672,0.9538461538461539,0.9935880798559923,0.9517543859649122,0.95
673,0.9192307692307692,0.98713633784881,0.9181034482758621,0.9115384615384615
674,0.9576923076923077,0.9933637206371014,0.9535864978902954,0.9576923076923077
675,0.9576923076923077,0.992695222221888,0.9525862068965517,0.9576923076923077
676,0.9442307692307692,0.9904441402508662,0.9437229437229437,0.9384615384615385
677,0.9557692307692308,0.9921260689313595,0.9559471365638766,0.95
678,0.9557692307692308,0.9943269239022181,0.9567099567099567,0.95
679,0.9461538461538461,0.9909751367110472,0.9439655172413793,0.9423076923076923
680,0.9423076923076923,0.9918725726696161,0.9347826086956522,0.9423076923076923
681,0.9403846153846154,0.990459264929478,0.940677966101695,0.9346153846153846
682,0.9134615384615384,0.987885866027612,0.9083333333333333,0.9115384615384615
683,0.9461538461538461,0.9927593256418522,0.9437229437229437,0.9423076923076923
684,0.9307692307692308,0.9884734722284171,0.9264069264069265,0.926923076923077
685,0.9596153846153846,0.9936703583368889,0.9572649572649573,0.9576923076923077
686,0.9596153846153846,0.9945736217957276,0.9563318777292577,0.9576923076923077
687,0.9519230769230769,0.9933666348457336,0.948051948051948,0.95
688,0.9384615384615385,0.990067017536897,0.9315068493150684,0.9346153846153846
689,0.9634615384615385,0.9944413932470175,0.9596412556053812,0.9615384615384616
690,0.9596153846153846,0.9936217959110554,0.9598214285714286,0.9538461538461539
691,0.9653846153846154,0.9947037687668434,0.9598214285714286,0.9653846153846154
692,0.9365384615384615,0.9896729671038114,0.9307359307359307,0.9346153846153846
693,0.9365384615384615,0.9903049739507529,0.9385964912280702,0.926923076923077
694,0.9365384615384615,0.9886842335645969,0.9324894514767933,0.9346153846153846
695,0.9346153846153846,0.9908666349374331,0.9282511210762332,0.9307692307692308
696,0.9346153846153846,0.9895263082706012,0.9276018099547512,0.9307692307692308
697,0.9442307692307692,0.9918249820287411,0.9422222222222222,0.9384615384615385
698,0.948076923076923,0.9928842005821374,0.9429824561403509,0.9461538461538461
699,0.95,0.991506411249821,0.9525862068965517,0.9423076923076923
700,0.9288461538461539,0.9876511005254892,0.9217391304347826,0.926923076923077
701,0.9442307692307692,0.9913658577662248,0.9404255319148936,0.9423076923076923
702,0.9403846153846154,0.9912680389789434,0.9344978165938864,0.9384615384615385
703,0.948076923076923,0.9930629106668326,0.948051948051948,0.9423076923076923
704,0.9557692307692308,0.9940169568245227,0.9545454545454546,0.95
705,0.948076923076923,0.9928722679615021,0.944206008583691,0.9461538461538461
706,0.9038461538461539,0.9858867539809301,0.8977777777777778,0.8961538461538462
707,0.95,0.9920726503317173,0.9487179487179487,0.9461538461538461
708,0.95,0.9926449952217249,0.9439655172413793,0.95
709,0.9673076923076923,0.9946260688396601,0.9695652173913043,0.9615384615384616
710,0.9384615384615385,0.9898487634383715,0.9336283185840708,0.9346153846153846
711,0.9211538461538461,0.9879836845856447,0.9130434782608695,0.9192307692307692
712,0.9153846153846154,0.9855570839001582,0.9078341013824884,0.9076923076923077
713,0.948076923076923,0.9907432856468054,0.9414414414414415,0.9461538461538461
714,0.9192307692307692,0.9876798226283147,0.9094827586206896,0.9192307692307692
715,0.9307692307692308,0.9883028099170098,0.9273504273504274,0.926923076923077
716,0.9211538461538461,0.988710042146536,0.9118942731277533,0.9192307692307692
717,0.9442307692307692,0.9927059068129613,0.9432314410480349,0.9384615384615385
718,0.9711538461538461,0.995711233982673,0.9733333333333334,0.9653846153846154
719,0.9615384615384616,0.994627318244714,0.9545454545454546,0.9615384615384616
720,0.9423076923076923,0.9925058289216115,0.9429824561403509,0.9346153846153846
721,0.9576923076923077,0.994967533991887,0.9578059071729957,0.9538461538461539
722,0.9384615384615385,0.9901175223864042,0.9366515837104072,0.9307692307692308
723,0.9307692307692308,0.9899536591309768,0.92,0.9307692307692308
724,0.9346153846153846,0.9897875749147855,0.9295154185022027,0.9307692307692308
725,0.948076923076923,0.991248335975867,0.9424778761061947,0.9461538461538461
726,0.9461538461538461,0.9917397891099636,0.9409090909090909,0.9423076923076923
727,0.948076923076923,0.9917123159536949,0.9398148148148148,0.9461538461538461
728,0.9634615384615385,0.9933012824792128,0.9625,0.9615384615384616
729,0.9538461538461539,0.9922710636487374,0.9459459459459459,0.9538461538461539
730,0.9653846153846154,0.9942336836686501,0.961038961038961,0.9653846153846154
731,0.9326923076923077,0.9900944902346684,0.9282511210762332,0.926923076923077
732,0.9576923076923077,0.9927272737026215,0.9519650655021834,0.9576923076923077
733,0.948076923076923,0.9914452222677378,0.9439655172413793,0.9461538461538461
734,0.9461538461538461,0.9921198258033166,0.9439655172413793,0.9423076923076923
735,0.948076923076923,0.9930218405448473,0.946058091286307,0.9461538461538461
736,0.948076923076923,0.9932857433190713,0.9484978540772532,0.9423076923076923
737,0.9615384615384616,0.9924494954255911,0.9601769911504425,0.9576923076923077
738,0.95,0.9944289053861911,0.9506726457399103,0.9423076923076923
739,0.9538461538461539,0.9936643928289414,0.9493670886075949,0.9538461538461539
740,0.9288461538461539,0.9878586704914386,0.9210526315789473,0.926923076923077
741,0.9403846153846154,0.9920085482872449,0.9342105263157895,0.9384615384615385
742,0.948076923076923,0.992434233885545,0.9411764705882353,0.9461538461538461
743,0.9442307692307692,0.9916494630850279,0.9366515837104072,0.9423076923076923
744,0.9596153846153846,0.9938078600626725,0.9553571428571429,0.9576923076923077
745,0.926923076923077,0.9882721460782564,0.9188034188034188,0.926923076923077
746,0.9634615384615385,0.9935667120493376,0.961864406779661,0.9615384615384616
747,0.9384615384615385,0.9926828742027283,0.9336283185840708,0.9346153846153846
748,0.9519230769230769,0.9928234276863245,0.9482758620689655,0.95
749,0.9461538461538461,0.9913170174910472,0.9422222222222222,0.9423076923076923
750,0.926923076923077,0.9882539696418322,0.9241071428571429,0.9192307692307692
751,0.9346153846153846,0.990219781261224,0.9301310043668122,0.9307692307692308
752,0.9307692307692308,0.9881927808889976,0.918552036199095,0.9307692307692308
753,0.948076923076923,0.9918038916129333,0.9427312775330396,0.9461538461538461
754,0.9403846153846154,0.9888308923978072,0.935064935064935,0.9384615384615385
755,0.9326923076923077,0.9910786459079155,0.9255813953488372,0.926923076923077
756,0.9173076923076923,0.9867871036896338,0.9126637554585153,0.9115384615384615
757,0.948076923076923,0.9925854715017172,0.9478260869565217,0.9423076923076923
758,0.9461538461538461,0.9921166346623347,0.9372197309417041,0.9461538461538461
759,0.948076923076923,0.9908957719802857,0.9429824561403509,0.9461538461538461
760,0.9192307692307692,0.9882659027209648,0.9122807017543859,0.9153846153846154
761,0.9538461538461539,0.9932080429333907,0.9511111111111111,0.95
762,0.9461538461538461,0.9903982137258236,0.9451476793248945,0.9423076923076923
763,0.9423076923076923,0.990237957239151,0.9439655172413793,0.9346153846153846
764,0.9230769230769231,0.9880140710335511,0.9128440366972477,0.9192307692307692
765,0.9596153846153846,0.9944978640629695,0.9565217391304348,0.9576923076923077
766,0.925,0.9882828297523352,0.9136363636363637,0.9230769230769231
767,0.9557692307692308,0.9923031144417249,0.9508928571428571,0.9538461538461539
768,0.9423076923076923,0.9907051295042038,0.9396551724137931,0.9384615384615385
769,0.9461538461538461,0.9926692770077632,0.9434782608695652,0.9423076923076923
770,0.9346153846153846,0.9884812423816094,0.9307359307359307,0.9307692307692308
771,0.95,0.9929623168248397,0.948051948051948,0.9461538461538461
772,0.9365384615384615,0.9895496185009296,0.9356223175965666,0.9307692307692308
773,0.9288461538461539,0.988827701486074,0.9216589861751152,0.9230769230769231
774,0.9057692307692308,0.9837515278504445,0.8987341772151899,0.9038461538461539
775,0.9403846153846154,0.9901874523896438,0.9324324324324325,0.9384615384615385
776,0.9576923076923077,0.992628206198032,0.96,0.95
777,0.9153846153846154,0.9848137990786479,0.9117647058823529,0.9115384615384615
778,0.9615384615384616,0.9945512826626117,0.9615384615384616,0.9576923076923077
779,0.9576923076923077,0.9945600243715139,0.9519650655021834,0.9576923076923077
780,0.9653846153846154,0.9941773510896242,0.9653679653679653,0.9615384615384616
781,0.9346153846153846,0.9886140261705105,0.9251101321585903,0.9346153846153846
782,0.9519230769230769,0.9913736276901686,0.9461883408071748,0.95
783,0.9576923076923077,0.9922863251887835,0.956140350877193,0.9538461538461539
784,0.948076923076923,0.9926935576475584,0.9422222222222222,0.9461538461538461
785,0.9384615384615385,0.9893543963248913,0.9295154185022027,0.9384615384615385
786,0.925,0.9886706365988804,0.9234042553191489,0.9192307692307692
787,0.9538461538461539,0.9929441401591668,0.9466666666666667,0.9538461538461539
788,0.9557692307692308,0.9937393172429159,0.9547511312217195,0.95
789,0.9326923076923077,0.9896470212019407,0.9264069264069265,0.9307692307692308
790,0.9538461538461539,0.9912988408253743,0.9487179487179487,0.9538461538461539
791,0.9519230769230769,0.9933287560939789,0.9557522123893806,0.9423076923076923
792,0.9288461538461539,0.9901494358594601,0.9273504273504274,0.9230769230769231
793,0.9288461538461539,0.9896975262806966,0.925764192139738,0.9230769230769231
794,0.9461538461538461,0.9911521824506613,0.9419642857142857,0.9423076923076923
795,0.9288461538461539,0.9892106517003133,0.9210526315789473,0.926923076923077
796,0.9442307692307692,0.9913017548047579,0.9391304347826087,0.9423076923076923
797,0.9596153846153846,0.9939345385019596,0.956140350877193,0.9576923076923077
798,0.9153846153846154,0.9866740224453119,0.9090909090909091,0.9115384615384615
799,0.926923076923077,0.9887651257790052,0.9244444444444444,0.9192307692307692
800,0.9134615384615384,0.9851416658896667,0.9106382978723404,0.9076923076923077
801,0.9384615384615385,0.9904700870697315,0.9396551724137931,0.9307692307692308
802,0.9307692307692308,0.9907811646278087,0.9237668161434978,0.926923076923077
803,0.948076923076923,0.9929667569123781,0.9551569506726457,0.9346153846153846
804,0.9673076923076923,0.9953846163474597,0.9719626168224299,0.9576923076923077
805,0.9596153846153846,0.9919505499876462,0.9576271186440678,0.9576923076923077
806,0.9403846153846154,0.9905158748993507,0.935064935064935,0.9384615384615385
807,0.9211538461538461,0.9876631723000453,0.9196428571428571,0.9115384615384615
808,0.9673076923076923,0.9935683766236671,0.9653679653679653,0.9653846153846154
809,0.9519230769230769,0.9925167897572884,0.9484978540772532,0.95
810,0.9596153846153846,0.9930937125132634,0.9568965517241379,0.9576923076923077
811,0.9326923076923077,0.9884232449990052,0.9282700421940928,0.9307692307692308
812,0.9461538461538461,0.9919794107858951,0.944206008583691,0.9423076923076923
813,0.9615384615384616,0.994810607112371,0.9553571428571429,0.9615384615384616
814,0.9384615384615385,0.9888629434200433,0.9358974358974359,0.9346153846153846
815,0.9384615384615385,0.9902593252750543,0.9344978165938864,0.9346153846153846
816,0.9519230769230769,0.9915140429368385,0.948936170212766,0.95
817,0.9403846153846154,0.9912910711306792,0.9432314410480349,0.9307692307692308
818,0.95,0.9916070053210625,0.9466666666666667,0.9461538461538461
819,0.9596153846153846,0.9938597523249113,0.96,0.9538461538461539
820,0.9596153846153846,0.9938597523249113,0.9578059071729957,0.9576923076923077
821,0.9307692307692308,0.9888474040306532,0.9254385964912281,0.926923076923077
822,0.9576923076923077,0.9929655075073243,0.9533898305084746,0.9576923076923077
823,0.9346153846153846,0.9898335016690768,0.9285714285714286,0.9307692307692308
824,0.948076923076923,0.9924601797874157,0.9523809523809523,0.9384615384615385
825,0.925,0.9899232729123189,0.915929203539823,0.9230769230769231
826,0.9384615384615385,0.9895039693667338,0.9333333333333333,0.9346153846153846
827,0.9288461538461539,0.9896486864640163,0.9260869565217391,0.9230769230769231
828,0.9461538461538461,0.9925563335418701,0.9437229437229437,0.9423076923076923
829,0.9711538461538461,0.9957597964085065,0.9700854700854701,0.9692307692307692
830,0.948076923076923,0.9920955447050241,0.9446808510638298,0.9461538461538461
831,0.9307692307692308,0.9894882917404175,0.9260869565217391,0.926923076923077
832,0.9365384615384615,0.9889163624781828,0.9399141630901288,0.926923076923077
833,0.9557692307692308,0.9920467042005979,0.9515418502202643,0.9538461538461539
834,0.9288461538461539,0.9899247992497224,0.9254385964912281,0.9230769230769231
835,0.9115384615384615,0.9837771963614684,0.8986784140969163,0.9115384615384615
836,0.9192307692307692,0.9851785730857116,0.9163179916317992,0.9153846153846154
837,0.9192307692307692,0.9862315473648218,0.9128440366972477,0.9115384615384615
838,0.9423076923076923,0.9916222677781031,0.944206008583691,0.9346153846153846
839,0.9384615384615385,0.9901110016382657,0.9406392694063926,0.926923076923077
840,0.9365384615384615,0.9887512500469501,0.9307359307359307,0.9346153846153846
841,0.9288461538461539,0.9880949621017162,0.9327731092436975,0.9192307692307692
842,0.948076923076923,0.9911538472542396,0.9464285714285714,0.9423076923076923
843,0.9576923076923077,0.9932248314985862,0.9519650655021834,0.9576923076923077
844,0.9461538461538461,0.9908440177257244,0.9401709401709402,0.9461538461538461
845,0.9423076923076923,0.9904136157952822,0.9377777777777778,0.9384615384615385
846,0.9615384615384616,0.9939131704660562,0.9655172413793104,0.9538461538461539
847,0.9576923076923077,0.992692308471753,0.9508928571428571,0.9576923076923077
848,0.9365384615384615,0.9902272740235696,0.9356223175965666,0.9307692307692308
849,0.9538461538461539,0.993435593522512,0.9533898305084746,0.95
850,0.9673076923076923,0.9951984137296677,0.9644444444444444,0.9653846153846154
851,0.9365384615384615,0.9887087925122334,0.9319148936170213,0.9346153846153846
852,0.9576923076923077,0.9933073880580755,0.9557522123893806,0.9538461538461539
853,0.9538461538461539,0.9926692760907687,0.9570815450643777,0.9461538461538461
854,0.925,0.9885606075708683,0.9279661016949152,0.9153846153846154
855,0.948076923076923,0.9918910269553844,0.9461883408071748,0.9423076923076923
856,0.9576923076923077,0.9932753368065907,0.9555555555555556,0.9538461538461539
857,0.9403846153846154,0.9908666351666817,0.9369369369369369,0.9346153846153846
858,0.9576923076923077,0.9935256419273523,0.9565217391304348,0.9538461538461539
859,0.9423076923076923,0.9911431635801609,0.9396551724137931,0.9384615384615385
860,0.9519230769230769,0.9930599969166976,0.9478260869565217,0.95
861,0.9307692307692308,0.9891894239645738,0.9259259259259259,0.9230769230769231
862,0.9153846153846154,0.986733684860743,0.9066666666666666,0.9115384615384615
863,0.9326923076923077,0.9892106517003133,0.9264069264069265,0.9307692307692308
864,0.926923076923077,0.9885026101882641,0.9203539823008849,0.9230769230769231
865,0.9653846153846154,0.9957400943224247,0.961038961038961,0.9653846153846154
866,0.9634615384615385,0.9938782056936851,0.9608695652173913,0.9615384615384616
867,0.9461538461538461,0.9918036142220864,0.9444444444444444,0.9423076923076923
868,0.9615384615384616,0.9937558277295186,0.9649122807017544,0.9538461538461539
869,0.9538461538461539,0.9915979862213135,0.9491525423728814,0.9538461538461539
870,0.9365384615384615,0.9905584704417448,0.9424778761061947,0.9230769230769231
871,0.9423076923076923,0.991496976522299,0.9385964912280702,0.9384615384615385
872,0.9326923076923077,0.9900532821050056,0.9234234234234234,0.9307692307692308
873,0.9403846153846154,0.9904777185275004,0.933920704845815,0.9384615384615385
874,0.9519230769230769,0.9924691988871648,0.9484978540772532,0.95
875,0.9365384615384615,0.9886935300551928,0.9285714285714286,0.9346153846153846
876,0.9692307692307692,0.9950320516641323,0.9688888888888889,0.9653846153846154
877,0.95,0.9925106846369229,0.9464285714285714,0.9461538461538461
878,0.9288461538461539,0.9872130664495321,0.9260869565217391,0.9230769230769231
879,0.9615384615384616,0.9938476812381011,0.9592760180995475,0.9576923076923077
880,0.9211538461538461,0.9876554016883556,0.9111111111111111,0.9192307692307692
881,0.9384615384615385,0.9919289059363878,0.9304347826086956,0.9384615384615385
882,0.9384615384615385,0.9913075827635252,0.9310344827586207,0.9384615384615385
883,0.9346153846153846,0.9903402170309654,0.9267241379310345,0.9346153846153846
884,0.9634615384615385,0.9940093244497593,0.9658119658119658,0.9576923076923077
885,0.9653846153846154,0.9942261911355532,0.9617021276595744,0.9653846153846154
886,0.9326923076923077,0.9902149253166639,0.9330543933054394,0.926923076923077
887,0.9365384615384615,0.9910803102529966,0.9399141630901288,0.926923076923077
888,0.9461538461538461,0.9912362655768028,0.9377777777777778,0.9461538461538461
889,0.9173076923076923,0.9876035101138628,0.9145299145299145,0.9115384615384615
890,0.9384615384615385,0.9894153081453764,0.9292035398230089,0.9384615384615385
891,0.926923076923077,0.9881561508545509,0.9184549356223176,0.926923076923077
892,0.9230769230769231,0.9873167125078348,0.9134199134199135,0.9230769230769231
893,0.925,0.9881927806597489,0.915929203539823,0.9230769230769231
894,0.9576923076923077,0.9930019993048448,0.9519650655021834,0.9576923076923077
895,0.9615384615384616,0.9945813914904228,0.9652173913043478,0.9538461538461539
896,0.948076923076923,0.9932523048841037,0.9432314410480349,0.9461538461538461
897,0.9423076923076923,0.9904380353597494,0.9369747899159664,0.9423076923076923
898,0.9423076923076923,0.9911871472230325,0.9375,0.9384615384615385
899,0.95,0.9919184991946587,0.9487179487179487,0.9461538461538461
900,0.9403846153846154,0.9901068384830768,0.9369369369369369,0.9346153846153846
901,0.9384615384615385,0.9886888116598129,0.9315068493150684,0.9346153846153846
902,0.9173076923076923,0.9857629886040321,0.9137931034482759,0.9115384615384615
903,0.95,0.9920512832128084,0.9447004608294931,0.9461538461538461
904,0.9538461538461539,0.9924310420568173,0.9473684210526315,0.9538461538461539
905,0.9403846153846154,0.9915383242643796,0.9372384937238494,0.9384615384615385
906,0.9615384615384616,0.9940564999213586,0.9608695652173913,0.9576923076923077
907,0.9403846153846154,0.9904317922317065,0.9411764705882353,0.9346153846153846
908,0.925,0.9864452224511366,0.9196428571428571,0.9192307692307692
909,0.9173076923076923,0.9874801608232352,0.920704845814978,0.9038461538461539
910,0.9288461538461539,0.9891085324379114,0.9217391304347826,0.926923076923077
911,0.9384615384615385,0.9908789831858414,0.9319148936170213,0.9384615384615385
912,0.9288461538461539,0.9889742225408554,0.922077922077922,0.926923076923077
913,0.9403846153846154,0.9902530814592655,0.9318181818181818,0.9384615384615385
914,0.9442307692307692,0.9914529931086761,0.9383259911894273,0.9423076923076923
915,0.9596153846153846,0.9948121336790231,0.9605263157894737,0.9538461538461539
916,0.9673076923076923,0.9950731220153662,0.9694323144104804,0.9615384615384616
917,0.95,0.9922283282646767,0.9475982532751092,0.9461538461538461
918,0.9423076923076923,0.9916025654627727,0.9361702127659575,0.9423076923076923
919,0.9576923076923077,0.9937713687236492,0.9559471365638766,0.9538461538461539
920,0.9653846153846154,0.9950563334501706,0.9644444444444444,0.9615384615384616
921,0.9019230769230769,0.981689562018101,0.8908296943231441,0.9
922,0.9403846153846154,0.9892961215514403,0.9324324324324325,0.9384615384615385
923,0.9557692307692308,0.9928434076217505,0.9551569506726457,0.95
924,0.9442307692307692,0.9901494351717142,0.9391304347826087,0.9423076923076923
925,0.926923076923077,0.9891147762537003,0.918918918918919,0.9230769230769231
926,0.9442307692307692,0.9908880018270932,0.9401709401709402,0.9423076923076923
927,0.9384615384615385,0.9908028095960617,0.9409282700421941,0.9307692307692308
928,0.9230769230769231,0.9890720410988881,0.9126637554585153,0.9230769230769231
929,0.9557692307692308,0.9935132934496953,0.9511111111111111,0.9538461538461539
930,0.9346153846153846,0.9901615069462703,0.9307359307359307,0.9307692307692308
931,0.9346153846153846,0.990248641371727,0.926605504587156,0.9307692307692308
932,0.9730769230769231,0.9954470538176023,0.9690265486725663,0.9730769230769231
933,0.948076923076923,0.9915888293431355,0.9434782608695652,0.9461538461538461
934,0.9307692307692308,0.988006578041957,0.925764192139738,0.926923076923077
935,0.9076923076923077,0.9863092486674969,0.8978723404255319,0.9076923076923077
936,0.9307692307692308,0.9888551737253483,0.9267241379310345,0.926923076923077
937,0.9365384615384615,0.989616912144881,0.9333333333333333,0.9307692307692308
938,0.9307692307692308,0.9885132934038455,0.9254385964912281,0.926923076923077
939,0.9576923076923077,0.9938170171700991,0.9572649572649573,0.9538461538461539
940,0.9557692307692308,0.9932659020790687,0.9517543859649122,0.9538461538461539
941,0.9307692307692308,0.9883134933618399,0.9307359307359307,0.9230769230769231
942,0.9461538461538461,0.9925882467856774,0.9422222222222222,0.9423076923076923
943,0.925,0.9880966269052945,0.9205020920502092,0.9230769230769231
944,0.9423076923076923,0.9921683886876473,0.9388646288209607,0.9384615384615385
945,0.9211538461538461,0.9868084708085427,0.9107142857142857,0.9192307692307692
946,0.9519230769230769,0.9919900942307253,0.9495798319327731,0.95
947,0.9365384615384615,0.9907017998970472,0.9301310043668122,0.9346153846153846
948,0.9673076923076923,0.9940734269527288,0.9646017699115044,0.9653846153846154
949,0.9153846153846154,0.9852744492200705,0.9078947368421053,0.9115384615384615
950,0.9288461538461539,0.9882141484664037,0.9251101321585903,0.9230769230769231
951,0.9461538461538461,0.9918679941159029,0.9466666666666667,0.9384615384615385
952,0.9557692307692308,0.9935178722326572,0.9515418502202643,0.9538461538461539
953,0.9019230769230769,0.9846564563421103,0.8982300884955752,0.8923076923076924
954,0.9653846153846154,0.9950167896655889,0.9592760180995475,0.9653846153846154
955,0.9403846153846154,0.9911094475250978,0.9377593360995851,0.9384615384615385
956,0.9423076923076923,0.9922863263350267,0.9375,0.9384615384615385
957,0.9096153846153846,0.9850287231115195,0.8990825688073395,0.9038461538461539
958,0.9307692307692308,0.9891756871571907,0.9333333333333333,0.9192307692307692
959,0.9576923076923077,0.9947584372300368,0.9553571428571429,0.9538461538461539
960,0.9538461538461539,0.9933669124658291,0.9531914893617022,0.95
961,0.9576923076923077,0.9940064111581215,0.9537037037037037,0.9538461538461539
962,0.948076923076923,0.992534965964464,0.9475982532751092,0.9423076923076923
963,0.9326923076923077,0.9900061061749091,0.9279279279279279,0.926923076923077
964,0.9115384615384615,0.984250473517638,0.908695652173913,0.9038461538461539
965,0.9557692307692308,0.9931746047276717,0.9506726457399103,0.9538461538461539
966,0.9461538461538461,0.9927408711268352,0.9429824561403509,0.9423076923076923
967,0.9519230769230769,0.9928205137069409,0.9557522123893806,0.9423076923076923
968,0.9326923076923077,0.9875029142086322,0.9344978165938864,0.9230769230769231
969,0.9403846153846154,0.9904836838061993,0.9385964912280702,0.9346153846153846
970,0.9346153846153846,0.9888583653248273,0.9241071428571429,0.9346153846153846
971,0.948076923076923,0.993015735424482,0.9484978540772532,0.9423076923076923
972,0.9653846153846154,0.9939102571744185,0.9615384615384616,0.9653846153846154
973,0.9346153846153846,0.9899708637824425,0.9316239316239316,0.9307692307692308
974,0.948076923076923,0.9919900940014765,0.9464285714285714,0.9423076923076923
975,0.9538461538461539,0.9930876078513953,0.9473684210526315,0.9538461538461539
976,0.9423076923076923,0.9921457719344359,0.9353448275862069,0.9423076923076923
977,0.95,0.9915979866798107,0.946058091286307,0.95
978,0.9711538461538461,0.9960285553565392,0.9699570815450643,0.9692307692307692
979,0.9442307692307692,0.9923762360444436,0.9478260869565217,0.9346153846153846
980,0.9557692307692308,0.9933132157875941,0.9519650655021834,0.9538461538461539
981,0.9519230769230769,0.9929273513647227,0.956140350877193,0.9423076923076923
982,0.9519230769230769,0.9924679497113594,0.9469026548672567,0.95
983,0.9326923076923077,0.9889345389146071,0.9273504273504274,0.9307692307692308
984,0.9307692307692308,0.9897541369383152,0.9295154185022027,0.9230769230769231
985,0.9096153846153846,0.9870843064326507,0.9017857142857143,0.9038461538461539
986,0.9384615384615385,0.9895770909694525,0.9333333333333333,0.9346153846153846
987,0.9384615384615385,0.9903524272716963,0.9353448275862069,0.9346153846153846
988,0.9288461538461539,0.9880599973293451,0.9178082191780822,0.926923076923077
989,0.9326923076923077,0.9872157018918257,0.9285714285714286,0.9307692307692308
990,0.9634615384615385,0.9937881570595961,0.9649122807017544,0.9576923076923077
991,0.9461538461538461,0.9915429032765902,0.9434782608695652,0.9423076923076923
992,0.9461538461538461,0.9919656748955067,0.9385964912280702,0.9461538461538461
993,0.9326923076923077,0.9896441074518058,0.9301310043668122,0.926923076923077
994,0.9423076923076923,0.9917715627413529,0.9399141630901288,0.9384615384615385
995,0.9365384615384615,0.9898487638968688,0.9385964912280702,0.926923076923077
996,0.9557692307692308,0.9933608068869664,0.9519650655021834,0.9538461538461539
997,0.9384615384615385,0.990119049182305,0.9414414414414415,0.926923076923077
998,0.9673076923076923,0.9956318694811601,0.9734513274336283,0.9576923076923077
999,0.926923076923077,0.9898533424505821,0.9147982062780269,0.926923076923077
